111678,2025-04-09 19:13:32.745266
111678,2025-04-09 19:17:53.358192
111678,2025-04-09 19:24:16.157816
111679,2025-04-09 19:24:38.833469
111678,2025-04-09 19:25:55.536374
111678,2025-04-09 19:27:14.750361
111678,2025-04-09 19:28:22.027344
111678,2025-04-12 19:04:02.837330
111678,2025-04-12 19:10:42.537377
111678,2025-04-12 19:14:43.465214
111678,2025-04-12 19:15:24.375748
111678,2025-04-12 19:17:39.134320
111678,2025-04-12 19:18:10.355908
111678,2025-04-12 19:18:51.273417
111678,2025-04-12 19:19:38.491948
111678,2025-04-12 19:20:56.482956
111678,2025-04-12 19:22:27.809434
111678,2025-04-12 19:23:00.133228
111678,2025-04-12 19:25:46.565091
111678,2025-04-12 19:28:59.057273
111678,2025-04-12 19:29:33.416845
111678,2025-04-21 16:55:40.782961
